{
  "K0Data": {
    "dcanegtopv": {
      "0.0": {
        "significance": 230.349,
        "significance_error": 0.632079,
        "signal": 84795.9,
        "signal_error": 368.12
      },
      "0.005": {
        "significance": 231.33,
        "significance_error": 0.629654,
        "signal": 84864.5,
        "signal_error": 366.856
      },
      "0.01": {
        "significance": 232.154,
        "significance_error": 0.627494,
        "signal": 84885.3,
        "signal_error": 365.642
      },
      "0.015": {
        "significance": 232.669,
        "significance_error": 0.626059,
        "signal": 84872.5,
        "signal_error": 364.778
      },
      "0.02": {
        "significance": 232.971,
        "significance_error": 0.62513,
        "signal": 84840.3,
        "signal_error": 364.168
      },
      "0.025": {
        "significance": 233.249,
        "significance_error": 0.624323,
        "signal": 84823.7,
        "signal_error": 363.662
      },
      "0.03": {
        "significance": 233.462,
        "significance_error": 0.623627,
        "signal": 84789.9,
        "signal_error": 363.185
      },
      "0.035": {
        "significance": 233.655,
        "significance_error": 0.622941,
        "signal": 84743.1,
        "signal_error": 362.684
      },
      "0.04": {
        "significance": 233.832,
        "significance_error": 0.622304,
        "signal": 84697.8,
        "signal_error": 362.217
      },
      "0.045": {
        "significance": 234.051,
        "significance_error": 0.621619,
        "signal": 84669.8,
        "signal_error": 361.758
      },
      "0.05": {
        "significance": 234.192,
        "significance_error": 0.620993,
        "signal": 84601.8,
        "signal_error": 361.249
      },
      "0.055": {
        "significance": 234.345,
        "significance_error": 0.620316,
        "signal": 84527.0,
        "signal_error": 360.695
      },
      "0.06": {
        "significance": 234.412,
        "significance_error": 0.619785,
        "signal": 84430.9,
        "signal_error": 360.182
      },
      "0.065": {
        "significance": 234.471,
        "significance_error": 0.619193,
        "signal": 84312.0,
        "signal_error": 359.584
      },
      "0.07": {
        "significance": 234.646,
        "significance_error": 0.618493,
        "signal": 84247.6,
        "signal_error": 359.04
      },
      "0.075": {
        "significance": 234.719,
        "significance_error": 0.617878,
        "signal": 84132.3,
        "signal_error": 358.438
      },
      "0.08": {
        "significance": 234.867,
        "significance_error": 0.617157,
        "signal": 84041.7,
        "signal_error": 357.827
      },
      "0.085": {
        "significance": 235.103,
        "significance_error": 0.616319,
        "signal": 83982.6,
        "signal_error": 357.216
      },
      "0.09": {
        "significance": 234.992,
        "significance_error": 0.615917,
        "signal": 83793.7,
        "signal_error": 356.581
      },
      "0.095": {
        "significance": 235.08,
        "significance_error": 0.615166,
        "signal": 83652.3,
        "signal_error": 355.845
      },
      "0.1": {
        "significance": 235.153,
        "significance_error": 0.614425,
        "signal": 83502.6,
        "signal_error": 355.099
      },
      "0.105": {
        "significance": 235.191,
        "significance_error": 0.613642,
        "signal": 83316.9,
        "signal_error": 354.251
      },
      "0.11": {
        "significance": 235.197,
        "significance_error": 0.612951,
        "signal": 83133.5,
        "signal_error": 353.463
      },
      "0.115": {
        "significance": 235.154,
        "significance_error": 0.612339,
        "signal": 82937.0,
        "signal_error": 352.693
      },
      "0.12": {
        "significance": 235.126,
        "significance_error": 0.611714,
        "signal": 82748.5,
        "signal_error": 351.932
      },
      "0.125": {
        "significance": 234.992,
        "significance_error": 0.611237,
        "signal": 82525.1,
        "signal_error": 351.182
      },
      "0.13": {
        "significance": 234.83,
        "significance_error": 0.610845,
        "signal": 82305.5,
        "signal_error": 350.49
      },
      "0.135": {
        "significance": 234.834,
        "significance_error": 0.610181,
        "signal": 82130.0,
        "signal_error": 349.736
      },
      "0.14": {
        "significance": 234.548,
        "significance_error": 0.609888,
        "signal": 81850.8,
        "signal_error": 348.973
      },
      "0.145": {
        "significance": 234.567,
        "significance_error": 0.609239,
        "signal": 81690.5,
        "signal_error": 348.26
      },
      "0.15": {
        "significance": 234.416,
        "significance_error": 0.608836,
        "signal": 81476.9,
        "signal_error": 347.574
      },
      "0.155": {
        "significance": 234.262,
        "significance_error": 0.608391,
        "signal": 81251.1,
        "signal_error": 346.839
      },
      "0.16": {
        "significance": 233.993,
        "significance_error": 0.60817,
        "signal": 81005.9,
        "signal_error": 346.189
      },
      "0.165": {
        "significance": 233.891,
        "significance_error": 0.60766,
        "signal": 80799.4,
        "signal_error": 345.458
      },
      "0.17": {
        "significance": 233.691,
        "significance_error": 0.607362,
        "signal": 80582.0,
        "signal_error": 344.823
      },
      "0.17500000000000002": {
        "significance": 233.574,
        "significance_error": 0.606931,
        "signal": 80387.0,
        "signal_error": 344.161
      },
      "0.18": {
        "significance": 233.56,
        "significance_error": 0.60635,
        "signal": 80224.1,
        "signal_error": 343.484
      },
      "0.185": {
        "significance": 233.428,
        "significance_error": 0.605942,
        "signal": 80025.8,
        "signal_error": 342.828
      },
      "0.19": {
        "significance": 233.346,
        "significance_error": 0.605488,
        "signal": 79849.8,
        "signal_error": 342.194
      },
      "0.195": {
        "significance": 233.251,
        "significance_error": 0.605019,
        "signal": 79661.0,
        "signal_error": 341.525
      },
      "0.2": {
        "significance": 233.104,
        "significance_error": 0.604657,
        "signal": 79465.2,
        "signal_error": 340.9
      }
    },
    "dcapostopv": {
      "0.0": {
        "significance": 230.349,
        "significance_error": 0.632079,
        "signal": 84795.9,
        "signal_error": 368.12
      },
      "0.005": {
        "significance": 231.333,
        "significance_error": 0.629739,
        "signal": 84890.2,
        "signal_error": 366.96
      },
      "0.01": {
        "significance": 232.31,
        "significance_error": 0.62738,
        "signal": 84968.8,
        "signal_error": 365.755
      },
      "0.015": {
        "significance": 232.696,
        "significance_error": 0.626088,
        "signal": 84900.3,
        "signal_error": 364.855
      },
      "0.02": {
        "significance": 233.148,
        "significance_error": 0.624891,
        "signal": 84904.6,
        "signal_error": 364.166
      },
      "0.025": {
        "significance": 233.472,
        "significance_error": 0.623972,
        "signal": 84890.9,
        "signal_error": 363.601
      },
      "0.03": {
        "significance": 233.769,
        "significance_error": 0.623126,
        "signal": 84876.3,
        "signal_error": 363.077
      },
      "0.035": {
        "significance": 233.873,
        "significance_error": 0.622579,
        "signal": 84802.3,
        "signal_error": 362.6
      },
      "0.04": {
        "significance": 234.028,
        "significance_error": 0.621938,
        "signal": 84740.0,
        "signal_error": 362.094
      },
      "0.045": {
        "significance": 234.188,