{
  "K0Data": {
    "dcanegtopv": {
      "0.0": 254.223,
      "0.005": 255.486,
      "0.01": 256.267,
      "0.015": 256.896,
      "0.02": 257.16,
      "0.025": 256.829,
      "0.03": 256.988,
      "0.035": 257.541,
      "0.04": 257.732,
      "0.045": 257.969,
      "0.05": 257.887,
      "0.055": 258.081,
      "0.06": 257.929,
      "0.065": 257.535,
      "0.07": 258.01,
      "0.075": 258.171,
      "0.08": 258.261,
      "0.085": 258.739,
      "0.09": 258.514,
      "0.095": 258.422,
      "0.1": 258.02,
      "0.105": 258.292,
      "0.11": 258.474,
      "0.115": 258.154,
      "0.12": 258.148,
      "0.125": 258.159,
      "0.13": 257.318,
      "0.135": 257.69,
      "0.14": 257.262,
      "0.145": 257.016,
      "0.15": 256.968,
      "0.155": 256.806,
      "0.16": 256.647,
      "0.165": 256.687,
      "0.17": 256.847,
      "0.17500000000000002": 256.802,
      "0.18": 256.744,
      "0.185": 256.656,
      "0.19": 256.741,
      "0.195": 256.602,
      "0.2": 256.388
    },
    "dcapostopv": {
      "0.0": 254.223,
      "0.005": 255.623,
      "0.01": 256.595,
      "0.015": 256.871,
      "0.02": 257.483,
      "0.025": 257.803,
      "0.03": 258.033,
      "0.035": 258.177,
      "0.04": 258.445,
      "0.045": 258.569,
      "0.05": 258.936,
      "0.055": 258.813,
      "0.06": 259.128,
      "0.065": 258.931,
      "0.07": 259.092,
      "0.075": 259.33,
      "0.08": 259.315,
      "0.085": 259.56,
      "0.09": 259.476,
      "0.095": 259.903,
      "0.1": 259.539,
      "0.105": 259.614,
      "0.11": 259.512,
      "0.115": 259.717,
      "0.12": 259.474,
      "0.125": 258.909,
      "0.13": 258.781,
      "0.135": 258.512,
      "0.14": 258.431,
      "0.145": 258.345,
      "0.15": 258.25,
      "0.155": 258.21,
      "0.16": 257.842,
      "0.165": 257.92,
      "0.17": 257.48,
      "0.17500000000000002": 257.181,
      "0.18": 256.971,
      "0.185": 256.523,
      "0.19": 256.348,
      "0.195": 256.039,
      "0.2": 256.007
    },
    "v0cospa": {},
    "dcav0dau": {},
    "v0radius": {}
  },
  "LambdaData": {
    "dcanegtopv": {},
    "dcapostopv": {},
    "v0cospa": {},
    "dcav0dau": {},
    "v0radius": {}
  },
  "K0MC": {
    "dcanegtopv": {},
    "dcapostopv": {},
    "v0cospa": {},
    "dcav0dau": {},
    "v0radius": {}
  },
  "LambdaMC": {
    "dcanegtopv": {},
    "dcapostopv": {},
    "v0cospa": {},
    "dcav0dau": {},
    "v0radius": {}
  }
}