{
  "K0Data": {
    "dcanegtopv": {
      "0.0": 254.221,
      "0.005": 255.48,
      "0.01": 256.266,
      "0.015": 257.146,
      "0.02": 257.177,
      "0.025": 256.926,
      "0.03": 257.492,
      "0.035": 257.538,
      "0.04": 257.642,
      "0.045": 257.965,
      "0.05": 257.8,
      "0.055": 258.081,
      "0.06": 257.998,
      "0.065": 258.005,
      "0.07": 258.008,
      "0.075": 258.153,
      "0.08": 258.252,
      "0.085": 258.683,
      "0.09": 258.444,
      "0.095": 258.422,
      "0.1": 258.024,
      "0.105": 258.356,
      "0.11": 258.477,
      "0.115": 258.15,
      "0.12": 258.329,
      "0.125": 258.16,
      "0.13": 257.313,
      "0.135": 257.69,
      "0.14": 257.281,
      "0.145": 257.017,
      "0.15": 256.955,
      "0.155": 256.806,
      "0.16": 256.647,
      "0.165": 256.724,
      "0.17": 256.843,
      "0.17500000000000002": 256.802,
      "0.18": 256.744,
      "0.185": 256.654,
      "0.19": 256.74,
      "0.195": 256.603,
      "0.2": 256.387
    },
    "dcapostopv": {
      "0.0": 254.221,
      "0.005": 255.574,
      "0.01": 256.66,
      "0.015": 256.868,
      "0.02": 257.483,
      "0.025": 257.806,
      "0.03": 257.976,
      "0.035": 258.17,
      "0.04": 258.445,
      "0.045": 258.621,
      "0.05": 258.936,
      "0.055": 258.813,
      "0.06": 259.128,
      "0.065": 258.93,
      "0.07": 259.092,
      "0.075": 259.331,
      "0.08": 259.363,
      "0.085": 259.566,
      "0.09": 259.476,
      "0.095": 259.903,
      "0.1": 259.539,
      "0.105": 259.614,
      "0.11": 259.479,
      "0.115": 259.717,
      "0.12": 259.474,
      "0.125": 258.907,
      "0.13": 258.781,
      "0.135": 258.512,
      "0.14": 258.431,
      "0.145": 258.345,
      "0.15": 258.182,
      "0.155": 258.21,
      "0.16": 257.839,
      "0.165": 257.921,
      "0.17": 257.48,
      "0.17500000000000002": 257.169,
      "0.18": 256.972,
      "0.185": 256.524,
      "0.19": 256.349,
      "0.195": 256.039,
      "0.2": 256.008
    },
    "v0cospa": {},
    "dcav0dau": {},
    "v0radius": {}
  },
  "LambdaData": {
    "dcanegtopv": {
      "0.0": 154.39,
      "0.005": 171.1,
      "0.01": 130.812,
      "0.015": 130.248,
      "0.02": 795.478,
      "0.025": 897.576,
      "0.03": 573.712,
      "0.035": 130.448,
      "0.04": 150.242,
      "0.045": 733.762,
      "0.05": 130.831,
      "0.055": 129.251,
      "0.06": 654.944,
      "0.065": 1055.87,
      "0.07": 151.187,
      "0.075": 148.988,
      "0.08": 35.7814,
      "0.085": 153.017,
      "0.09": 151.703,
      "0.095": 162.815,
      "0.1": 163.478,
      "0.105": 145.298,
      "0.11": 737.95,
      "0.115": 154.341,
      "0.12": 161.805,
      "0.125": 66.2919,
      "0.13": 161.873,
      "0.135": 161.916,
      "0.14": 161.603,
      "0.145": 166.742,
      "0.15": 139.597,
      "0.155": 160.445,
      "0.16": 154.495,
      "0.165": 156.866,
      "0.17": 131.795,
      "0.17500000000000002": 158.334,
      "0.18": 213.215,
      "0.185": 169.342,
      "0.19": 143.759,
      "0.195": 128.171,
      "0.2": 125.684
    },
    "dcapostopv": {
      "0.0": 154.39,
      "0.005": 169.913,
      "0.01": 180.116,
      "0.015": 661.499,
      "0.02": 67.61,
      "0.025": 47.623,
      "0.03": 47.6504,
      "0.035": 296.372,
      "0.04": 151.328,
      "0.045": 137.83,
      "0.05": 155.807,
      "0.055": 640.363,
      "0.06": 152.561,
      "0.065": 599.334,
      "0.07": 597.125,
      "0.075": 594.947,
      "0.08": 148.624,
      "0.085": 137.701,
      "0.09": 123.98,
      "0.095": 135.968,
      "0.1": 134.171,
      "0.105": 136.531,
      "0.11": 134.281,
      "0.115": 134.481,
      "0.12": 140.328,
      "0.125": 138.884,
      "0.13": 121.135,
      "0.135": 130.345,
      "0.14": 81.1422,
      "0.145": 563.125,
      "0.15": 561.185,
      "0.155": 559.311,
      "0.16": 557.479,
      "0.165": 555.689,
      "0.17": 553.947,
      "0.17500000000000002": 552.242,
      "0.18": 550.546,
      "0.185": 548.883,
      "0.19": 547.293,
      "0.195": 545.748,
      "0.2": 544.166
    },
    "v0cospa": {},
    "dcav0dau": {},
    "v0radius": {}
  },
  "K0MC": {
    "dcanegtopv": {},
    "dcapostopv": {},
    "v0cospa": {},
    "dcav0dau": {},
    "v0radius": {}
  },
  "LambdaMC": {
    "dcanegtopv": {},
    "dcapostopv": {},
    "v0cospa": {},
    "dcav0dau": {},
    "v0radius": {}
  }
}