{
  "K0Data": {
    "dcanegtopv": {
      "0.0": {
        "significance": 254.223,
        "significance_error": 0.595993
      },
      "0.005": {
        "significance": 255.486,
        "significance_error": 0.593586
      },
      "0.01": {
        "significance": 256.263,
        "significance_error": 0.591781
      },
      "0.015": {
        "significance": 256.92,
        "significance_error": 0.590381
      },
      "0.02": {
        "significance": 257.147,
        "significance_error": 0.58965
      },
      "0.025": {
        "significance": 256.811,
        "significance_error": 0.589651
      },
      "0.03": {
        "significance": 256.989,
        "significance_error": 0.589077
      },
      "0.035": {
        "significance": 257.538,
        "significance_error": 0.588072
      },
      "0.04": {
        "significance": 257.732,
        "significance_error": 0.587491
      },
      "0.045": {
        "significance": 257.967,
        "significance_error": 0.586882
      },
      "0.05": {
        "significance": 257.884,
        "significance_error": 0.586583
      },
      "0.055": {
        "significance": 258.081,
        "significance_error": 0.585932
      },
      "0.06": {
        "significance": 257.822,
        "significance_error": 0.585834
      },
      "0.065": {
        "significance": 257.533,
        "significance_error": 0.585701
      },
      "0.07": {
        "significance": 258.01,
        "significance_error": 0.584736
      },
      "0.075": {
        "significance": 258.186,
        "significance_error": 0.584075
      },
      "0.08": {
        "significance": 258.253,
        "significance_error": 0.583528
      },
      "0.085": {
        "significance": 258.668,
        "significance_error": 0.582585
      },
      "0.09": {
        "significance": 258.476,
        "significance_error": 0.582296
      },
      "0.095": {
        "significance": 258.422,
        "significance_error": 0.581774
      },
      "0.1": {
        "significance": 258.022,
        "significance_error": 0.581629
      },
      "0.105": {
        "significance": 258.288,
        "significance_error": 0.580657
      },
      "0.11": {
        "significance": 258.474,
        "significance_error": 0.579825
      },
      "0.115": {
        "significance": 258.154,
        "significance_error": 0.579579
      },
      "0.12": {
        "significance": 258.247,
        "significance_error": 0.578863
      },
      "0.125": {
        "significance": 258.159,
        "significance_error": 0.578361
      },
      "0.13": {
        "significance": 257.316,
        "significance_error": 0.578752
      },
      "0.135": {
        "significance": 257.69,
        "significance_error": 0.577718
      },
      "0.14": {
        "significance": 257.283,
        "significance_error": 0.577541
      },
      "0.145": {
        "significance": 257.016,
        "significance_error": 0.577267
      },
      "0.15": {
        "significance": 256.968,
        "significance_error": 0.57677
      },
      "0.155": {
        "significance": 256.806,
        "significance_error": 0.576353
      },
      "0.16": {
        "significance": 256.647,
        "significance_error": 0.576015
      },
      "0.165": {
        "significance": 256.686,
        "significance_error": 0.575374
      },
      "0.17": {
        "significance": 256.835,
        "significance_error": 0.574686
      },
      "0.17500000000000002": {
        "significance": 256.802,
        "significance_error": 0.574182
      },
      "0.18": {
        "significance": 256.744,
        "significance_error": 0.573706
      },
      "0.185": {
        "significance": 256.656,
        "significance_error": 0.573271
      },
      "0.19": {
        "significance": 256.742,
        "significance_error": 0.572667
      },
      "0.195": {
        "significance": 256.602,
        "significance_error": 0.572276
      },
      "0.2": {
        "significance": 256.388,
        "significance_error": 0.572497
      }
    },
    "dcapostopv": {
      "0.0": {
        "significance": 254.223,
        "significance_error": 0.595993
      },
      "0.005": {
        "significance": 255.563,
        "significance_error": 0.593559
      },
      "0.01": {
        "significance": 256.614,
        "significance_error": 0.591445
      },
      "0.015": {
        "significance": 256.662,
        "significance_error": 0.590706
      },
      "0.02": {
        "significance": 257.483,
        "significance_error": 0.589251
      },
      "0.025": {
        "significance": 257.803,
        "significance_error": 0.588454
      },
      "0.03": {
        "significance": 258.706,
        "significance_error": 0.587591
      },
      "0.035": {
        "significance": 258.177,
        "significance_error": 0.587824
      },
      "0.04": {
        "significance": 258.445,
        "significance_error": 0.586568
      },
      "0.045": {
        "significance": 258.569,
        "significance_error": 0.58601
      },
      "0.05": {
        "significance": 258.936,
        "significance_error": 0.585183
      },
      "0.055": {
        "significance": 258.813,
        "significance_error": 0.584933
      },
      "0.06": {
        "significance": 259.129,
        "significance_error": 0.584168
      },
      "0.065": {
        "significance": 258.931,
        "significance_error": 0.584529
      },
      "0.07": {
        "significance": 259.092,
        "significance_error": 0.583941
      },
      "0.075": {
        "significance": 259.333,
        "significance_error": 0.582654
      },
      "0.08": {
        "significance": 259.37,
        "significance_error": 0.582684
      },
      "0.085": {
        "significance": 259.566,
        "significance_error": 0.58198
      },
      "0.09": {
        "significance": 259.476,
        "significance_error": 0.581536
      },
      "0.095": {
        "significance": 259.903,
        "significance_error": 0.580543
      },
      "0.1": {
        "significance": 259.539,
        "significance_error": 0.580311
      },
      "0.105": {
        "significance": 259.614,
        "significance_error": 0.579657
      },
      "0.11": {
        "significance": 259.512,
        "significance_error": 0.579187
      },
      "0.115": {
        "significance": 259.717,
        "significance_error": 0.578359
      },
      "0.12": {
        "significance": 259.474,
        "significance_error": 0.578036
      },
      "0.125": {
        "significance": 258.909,
        "significance_error": 0.577993
      },
      "0.13": {
        "significance": 258.781,
        "significance_error": 0.577606
      },
      "0.135": {
        "significance": 258.512,
        "significance_error": 0.57733
      },
      "0.14": {
        "significance": 258.433,
        "significance_error": 0.576853
      },
      "0.145": {
        "significance": 258.345,
        "significance_error": 0.576386
      },
      "0.15": {
        "significance": 258.25,
        "significance_error": 0.57596
      },
      "0.155": {
        "significance": 258.21,
        "significance_error": 0.57547
      },
      "0.16": {
        "significance": 257.843,
        "significance_error": 0.575304
      },
      "0.165": {
        "significance": 257.92,
        "significance_error": 0.57466
      },
      "0.17": {
        "significance": 257.48,
        "significance_error": 0.574615
      },
      "0.17500000000000002": {
        "significance": 257.182,
        "significance_error": 0.574387
      },
      "0.18": {
        "significance": 256.971,
        "significance_error": 0.574065
      },
      "0.185": {
        "significance": 256.523,
        "significance_error": 0.573998
      },
      "0.19": {
        "significance": 256.349,
        "significance_error": 0.573669
      },
      "0.195": {
        "significance": 256.04,
        "significance_error": 0.573504
      },