{
  "K0" : {
    "dcanegtopv": 0.0769489,
    "dcapostopv": 0.0807743,
    "v0cospa": 0.989807,
    "dcav0dau": 0.215034,
    "v0radius": 0.500023
  },
  "Lambda" : {
    "dcanegtopv": 0,
    "dcapostopv": 0,
    "v0cospa": 0,
    "dcav0dau":0,
    "v0radius": 0
  }
}

